N,Method,Variables,Constraints,ModelTime,SolveTime,TotalTime,Status
8,SAT-Binomial,64,744,0.000303,0.000133,0.000437,SAT
8,SAT-Binary,174,728,0.000742,0.000126,0.000868,SAT
8,SAT-Sequential,274,604,0.000483,0.000199,0.000682,SAT
16,SAT-Binomial,256,6352,0.001150,0.012202,0.013353,SAT
16,SAT-Binary,572,3928,0.003047,0.027996,0.031044,SAT
16,SAT-Sequential,1186,2732,0.000632,0.012191,0.012823,SAT
32,SAT-Binomial,1024,52640,0.014305,0.004056,0.018361,SAT
32,SAT-Binary,1850,19800,0.020679,0.315031,0.335710,SAT
32,SAT-Sequential,4930,11596,0.002944,0.058458,0.061402,SAT
64,SAT-Binomial,4096,428864,0.238561,0.014409,0.252970,SAT
64,SAT-Binary,6136,95576,0.071982,0.126412,0.198395,SAT
64,SAT-Sequential,,,,60.009580,60.009580,TIMEOUT
100,SAT-Binomial,10000,1646900,1.101006,0.029089,1.130095,SAT
100,SAT-Binary,13678,269024,0.330297,0.097190,0.427487,SAT
